SET check_function_bodies = false;
INSERT INTO public.heroes (id, name, "createdAt", "updatedAt") VALUES (1, 'ウルトラマン', '2022-02-16 11:46:59.582062+00', '2022-02-16 11:46:59.582062+00');
INSERT INTO public.stories (id, title, "createdAt", "updatedAt", "onAirDate") VALUES (1, 'ウルトラ作戦第一号', '2022-02-16 14:17:29.582272+00', '2022-02-16 14:17:29.582272+00', '1966-07-17');
INSERT INTO public.stories (id, title, "createdAt", "updatedAt", "onAirDate") VALUES (2, '侵略者を撃て', '2022-02-16 14:17:29.582272+00', '2022-02-16 14:17:29.582272+00', '1966-07-24');
INSERT INTO public.stories (id, title, "createdAt", "updatedAt", "onAirDate") VALUES (3, '科特隊出撃せよ', '2022-02-16 14:17:29.582272+00', '2022-02-16 14:17:29.582272+00', '1966-07-31');
INSERT INTO public.stories (id, title, "createdAt", "updatedAt", "onAirDate") VALUES (4, '大爆発五秒前', '2022-02-16 14:17:29.582272+00', '2022-02-16 14:17:29.582272+00', '1966-08-07');
INSERT INTO public.stories (id, title, "createdAt", "updatedAt", "onAirDate") VALUES (5, 'ミロガンダの秘密', '2022-02-16 14:17:29.582272+00', '2022-02-16 14:17:29.582272+00', '1966-08-14');
INSERT INTO public.stories (id, title, "createdAt", "updatedAt", "onAirDate") VALUES (6, '沿岸警備命令', '2022-02-16 14:17:29.582272+00', '2022-02-16 14:17:29.582272+00', '1966-08-21');
INSERT INTO public.stories (id, title, "createdAt", "updatedAt", "onAirDate") VALUES (7, 'バラージの青い石', '2022-02-16 14:17:29.582272+00', '2022-02-16 14:17:29.582272+00', '1966-08-28');
INSERT INTO public.stories (id, title, "createdAt", "updatedAt", "onAirDate") VALUES (8, '怪獣無法地帯', '2022-02-16 14:17:29.582272+00', '2022-02-16 14:17:29.582272+00', '1966-09-04');
INSERT INTO public.hero_story (id, "heroId", "storyId", "createdAt", "updatedAt") VALUES (1, 1, 1, '2022-02-16 11:48:22.155032+00', '2022-02-16 11:48:22.155032+00');
INSERT INTO public.hero_story (id, "heroId", "storyId", "createdAt", "updatedAt") VALUES (2, 1, 2, '2022-02-16 11:48:43.328917+00', '2022-02-16 11:48:43.328917+00');
INSERT INTO public.hero_story (id, "heroId", "storyId", "createdAt", "updatedAt") VALUES (3, 1, 3, '2022-02-16 11:48:52.638161+00', '2022-02-16 11:48:52.638161+00');
INSERT INTO public.hero_story (id, "heroId", "storyId", "createdAt", "updatedAt") VALUES (4, 1, 4, '2022-02-16 11:56:56.813323+00', '2022-02-16 11:56:56.813323+00');
INSERT INTO public.hero_story (id, "heroId", "storyId", "createdAt", "updatedAt") VALUES (5, 1, 5, '2022-02-16 14:31:15.025115+00', '2022-02-16 14:31:15.025115+00');
INSERT INTO public.hero_story (id, "heroId", "storyId", "createdAt", "updatedAt") VALUES (6, 1, 6, '2022-02-16 14:31:18.08383+00', '2022-02-16 14:31:18.08383+00');
INSERT INTO public.hero_story (id, "heroId", "storyId", "createdAt", "updatedAt") VALUES (7, 1, 7, '2022-02-16 14:31:20.605303+00', '2022-02-16 14:31:20.605303+00');
INSERT INTO public.hero_story (id, "heroId", "storyId", "createdAt", "updatedAt") VALUES (8, 1, 8, '2022-02-16 14:31:22.404981+00', '2022-02-16 14:31:22.404981+00');
INSERT INTO public.monsters (id, name, "createdAt", "updatedAt") VALUES (1, 'レッドキング', '2022-02-16 11:53:57.091188', '2022-02-16 11:53:57.091188+00');
INSERT INTO public.monsters (id, name, "createdAt", "updatedAt") VALUES (2, 'チャンドラー', '2022-02-16 11:53:57.091188', '2022-02-16 11:53:57.091188+00');
INSERT INTO public.monsters (id, name, "createdAt", "updatedAt") VALUES (3, 'マグラー', '2022-02-16 11:53:57.091188', '2022-02-16 11:53:57.091188+00');
INSERT INTO public.monsters (id, name, "createdAt", "updatedAt") VALUES (4, 'ピグモン', '2022-02-16 11:53:57.091188', '2022-02-16 11:53:57.091188+00');
INSERT INTO public.monsters (id, name, "createdAt", "updatedAt") VALUES (5, 'スフラン', '2022-02-16 11:53:57.091188', '2022-02-16 11:53:57.091188+00');
INSERT INTO public.monsters (id, name, "createdAt", "updatedAt") VALUES (6, 'ベムラー', '2022-02-16 11:59:00.235684', '2022-02-16 11:59:00.235684+00');
INSERT INTO public.monsters (id, name, "createdAt", "updatedAt") VALUES (7, 'バルタン星人', '2022-02-16 11:59:00.235684', '2022-02-16 11:59:00.235684+00');
INSERT INTO public.monsters (id, name, "createdAt", "updatedAt") VALUES (8, 'ネロンガ', '2022-02-16 11:59:00.235684', '2022-02-16 11:59:00.235684+00');
INSERT INTO public.monsters (id, name, "createdAt", "updatedAt") VALUES (9, 'ラゴン', '2022-02-16 11:59:00.235684', '2022-02-16 11:59:00.235684+00');
INSERT INTO public.monsters (id, name, "createdAt", "updatedAt") VALUES (10, 'グリーンモンス', '2022-02-16 11:59:00.235684', '2022-02-16 11:59:00.235684+00');
INSERT INTO public.monsters (id, name, "createdAt", "updatedAt") VALUES (11, 'ゲスラ', '2022-02-16 11:59:00.235684', '2022-02-16 11:59:00.235684+00');
INSERT INTO public.monsters (id, name, "createdAt", "updatedAt") VALUES (12, 'アントラー', '2022-02-16 11:59:34.15628', '2022-02-16 11:59:34.15628+00');
INSERT INTO public.monsters (id, name, "createdAt", "updatedAt") VALUES (13, 'ガボラ', '2022-02-16 13:03:47.375436', '2022-02-16 13:04:15.817831+00');
INSERT INTO public.monster_story (id, "monsterId", "storyId", "createdAt", "updatedAt") VALUES (1, 1, 4, '2022-02-16 11:56:39.077432+00', '2022-02-16 11:56:39.077432+00');
INSERT INTO public.monster_story (id, "monsterId", "storyId", "createdAt", "updatedAt") VALUES (2, 2, 4, '2022-02-16 11:56:41.162182+00', '2022-02-16 11:56:41.162182+00');
INSERT INTO public.monster_story (id, "monsterId", "storyId", "createdAt", "updatedAt") VALUES (3, 3, 4, '2022-02-16 11:56:44.381193+00', '2022-02-16 11:56:44.381193+00');
INSERT INTO public.monster_story (id, "monsterId", "storyId", "createdAt", "updatedAt") VALUES (4, 4, 4, '2022-02-16 11:56:46.650855+00', '2022-02-16 11:56:46.650855+00');
INSERT INTO public.monster_story (id, "monsterId", "storyId", "createdAt", "updatedAt") VALUES (5, 5, 4, '2022-02-16 11:56:49.162714+00', '2022-02-16 11:56:49.162714+00');
INSERT INTO public.monster_story (id, "monsterId", "storyId", "createdAt", "updatedAt") VALUES (6, 6, 1, '2022-02-16 12:02:15.989749+00', '2022-02-16 12:02:15.989749+00');
INSERT INTO public.monster_story (id, "monsterId", "storyId", "createdAt", "updatedAt") VALUES (7, 7, 2, '2022-02-16 12:02:27.655848+00', '2022-02-16 12:02:27.655848+00');
INSERT INTO public.monster_story (id, "monsterId", "storyId", "createdAt", "updatedAt") VALUES (8, 8, 3, '2022-02-16 12:02:50.361652+00', '2022-02-16 12:02:50.361652+00');
INSERT INTO public.monster_story (id, "monsterId", "storyId", "createdAt", "updatedAt") VALUES (9, 9, 5, '2022-02-16 13:04:43.262037+00', '2022-02-16 13:04:43.262037+00');
INSERT INTO public.monster_story (id, "monsterId", "storyId", "createdAt", "updatedAt") VALUES (10, 10, 6, '2022-02-16 13:04:43.262037+00', '2022-02-16 13:04:43.262037+00');
INSERT INTO public.monster_story (id, "monsterId", "storyId", "createdAt", "updatedAt") VALUES (11, 11, 7, '2022-02-16 13:04:43.262037+00', '2022-02-16 13:04:43.262037+00');
INSERT INTO public.monster_story (id, "monsterId", "storyId", "createdAt", "updatedAt") VALUES (12, 12, 8, '2022-02-16 13:04:43.262037+00', '2022-02-16 13:04:43.262037+00');
SELECT pg_catalog.setval('public.hero_story_id_seq', 8, true);
SELECT pg_catalog.setval('public.heroes_id_seq', 1, false);
SELECT pg_catalog.setval('public."monsterStory_id_seq"', 1, false);
SELECT pg_catalog.setval('public.monsters_id_seq', 1, false);
SELECT pg_catalog.setval('public.stories_id_seq', 8, true);
